Domain Code,Domain,Area Code,Area,Element Code,Element,Item Code,Item,Year Code,Year,Unit,Value,Flag,Flag Description
"RT","Pesticides Trade","102","Iran (Islamic Republic of)","5622","Import Value","1357","Pesticides (total)","1961","1961","1000 US$","1325","W","Data reported on country official publications or web sites (Official) or trade country files"
"RT","Pesticides Trade","102","Iran (Islamic Republic of)","5622","Import Value","1357","Pesticides (total)","1962","1962","1000 US$","1544","W","Data reported on country official publications or web sites (Official) or trade country files"
"RT","Pesticides Trade","102","Iran (Islamic Republic of)","5622","Import Value","1357","Pesticides (total)","1963","1963","1000 US$","2589","W","Data reported on country official publications or web sites (Official) or trade country files"
"RT","Pesticides Trade","102","Iran (Islamic Republic of)","5622","Import Value","1357","Pesticides (total)","1964","1964","1000 US$","2917","W","Data reported on country official publications or web sites (Official) or trade country files"
"RT","Pesticides Trade","102","Iran (Islamic Republic of)","5622","Import Value","1357","Pesticides (total)","1965","1965","1000 US$","3326","W","Data reported on country official publications or web sites (Official) or trade country files"
"RT","Pesticides Trade","102","Iran (Islamic Republic of)","5622","Import Value","1357","Pesticides (total)","1966","1966","1000 US$","5300","W","Data reported on country official publications or web sites (Official) or trade country files"
"RT","Pesticides Trade","102","Iran (Islamic Republic of)","5622","Import Value","1357","Pesticides (total)","1967","1967","1000 US$","7586","W","Data reported on country official publications or web sites (Official) or trade country files"
"RT","Pesticides Trade","102","Iran (Islamic Republic of)","5622","Import Value","1357","Pesticides (total)","1968","1968","1000 US$","12038","W","Data reported on country official publications or web sites (Official) or trade country files"
"RT","Pesticides Trade","102","Iran (Islamic Republic of)","5622","Import Value","1357","Pesticides (total)","1969","1969","1000 US$","5897","W","Data reported on country official publications or web sites (Official) or trade country files"
"RT","Pesticides Trade","102","Iran (Islamic Republic of)","5622","Import Value","1357","Pesticides (total)","1970","1970","1000 US$","8680","W","Data reported on country official publications or web sites (Official) or trade country files"
"RT","Pesticides Trade","102","Iran (Islamic Republic of)","5622","Import Value","1357","Pesticides (total)","1971","1971","1000 US$","9518","W","Data reported on country official publications or web sites (Official) or trade country files"
"RT","Pesticides Trade","102","Iran (Islamic Republic of)","5622","Import Value","1357","Pesticides (total)","1972","1972","1000 US$","9006","W","Data reported on country official publications or web sites (Official) or trade country files"
"RT","Pesticides Trade","102","Iran (Islamic Republic of)","5622","Import Value","1357","Pesticides (total)","1973","1973","1000 US$","13151","W","Data reported on country official publications or web sites (Official) or trade country files"
"RT","Pesticides Trade","102","Iran (Islamic Republic of)","5622","Import Value","1357","Pesticides (total)","1974","1974","1000 US$","30184","W","Data reported on country official publications or web sites (Official) or trade country files"
"RT","Pesticides Trade","102","Iran (Islamic Republic of)","5622","Import Value","1357","Pesticides (total)","1975","1975","1000 US$","53943","W","Data reported on country official publications or web sites (Official) or trade country files"
"RT","Pesticides Trade","102","Iran (Islamic Republic of)","5622","Import Value","1357","Pesticides (total)","1976","1976","1000 US$","41217","W","Data reported on country official publications or web sites (Official) or trade country files"
"RT","Pesticides Trade","102","Iran (Islamic Republic of)","5622","Import Value","1357","Pesticides (total)","1977","1977","1000 US$","62575","W","Data reported on country official publications or web sites (Official) or trade country files"
"RT","Pesticides Trade","102","Iran (Islamic Republic of)","5622","Import Value","1357","Pesticides (total)","1978","1978","1000 US$","59340","W","Data reported on country official publications or web sites (Official) or trade country files"
"RT","Pesticides Trade","102","Iran (Islamic Republic of)","5622","Import Value","1357","Pesticides (total)","1979","1979","1000 US$","96193","W","Data reported on country official publications or web sites (Official) or trade country files"
"RT","Pesticides Trade","102","Iran (Islamic Republic of)","5622","Import Value","1357","Pesticides (total)","1980","1980","1000 US$","79352","W","Data reported on country official publications or web sites (Official) or trade country files"
"RT","Pesticides Trade","102","Iran (Islamic Republic of)","5622","Import Value","1357","Pesticides (total)","1981","1981","1000 US$","85000","F","FAO estimate"
"RT","Pesticides Trade","102","Iran (Islamic Republic of)","5622","Import Value","1357","Pesticides (total)","1982","1982","1000 US$","100000","F","FAO estimate"
"RT","Pesticides Trade","102","Iran (Islamic Republic of)","5622","Import Value","1357","Pesticides (total)","1983","1983","1000 US$","133024","W","Data reported on country official publications or web sites (Official) or trade country files"
"RT","Pesticides Trade","102","Iran (Islamic Republic of)","5622","Import Value","1357","Pesticides (total)","1984","1984","1000 US$","186377","W","Data reported on country official publications or web sites (Official) or trade country files"
"RT","Pesticides Trade","102","Iran (Islamic Republic of)","5622","Import Value","1357","Pesticides (total)","1985","1985","1000 US$","33907","W","Data reported on country official publications or web sites (Official) or trade country files"
"RT","Pesticides Trade","102","Iran (Islamic Republic of)","5622","Import Value","1357","Pesticides (total)","1986","1986","1000 US$","47305","W","Data reported on country official publications or web sites (Official) or trade country files"
"RT","Pesticides Trade","102","Iran (Islamic Republic of)","5622","Import Value","1357","Pesticides (total)","1987","1987","1000 US$","148550","W","Data reported on country official publications or web sites (Official) or trade country files"
"RT","Pesticides Trade","102","Iran (Islamic Republic of)","5622","Import Value","1357","Pesticides (total)","1988","1988","1000 US$","87116","W","Data reported on country official publications or web sites (Official) or trade country files"
"RT","Pesticides Trade","102","Iran (Islamic Republic of)","5622","Import Value","1357","Pesticides (total)","1989","1989","1000 US$","147096","W","Data reported on country official publications or web sites (Official) or trade country files"
"RT","Pesticides Trade","102","Iran (Islamic Republic of)","5622","Import Value","1357","Pesticides (total)","1990","1990","1000 US$","100000","F","FAO estimate"
"RT","Pesticides Trade","102","Iran (Islamic Republic of)","5622","Import Value","1357","Pesticides (total)","1991","1991","1000 US$","100000","F","FAO estimate"
"RT","Pesticides Trade","102","Iran (Islamic Republic of)","5622","Import Value","1357","Pesticides (total)","1992","1992","1000 US$","101810","W","Data reported on country official publications or web sites (Official) or trade country files"
"RT","Pesticides Trade","102","Iran (Islamic Republic of)","5622","Import Value","1357","Pesticides (total)","1993","1993","1000 US$","229747","W","Data reported on country official publications or web sites (Official) or trade country files"
"RT","Pesticides Trade","102","Iran (Islamic Republic of)","5622","Import Value","1357","Pesticides (total)","1994","1994","1000 US$","200000","F","FAO estimate"
"RT","Pesticides Trade","102","Iran (Islamic Republic of)","5622","Import Value","1357","Pesticides (total)","1995","1995","1000 US$","140000","F","FAO estimate"
"RT","Pesticides Trade","102","Iran (Islamic Republic of)","5622","Import Value","1357","Pesticides (total)","1996","1996","1000 US$","100000","F","FAO estimate"
"RT","Pesticides Trade","102","Iran (Islamic Republic of)","5622","Import Value","1357","Pesticides (total)","1997","1997","1000 US$","83664","W","Data reported on country official publications or web sites (Official) or trade country files"
"RT","Pesticides Trade","102","Iran (Islamic Republic of)","5622","Import Value","1357","Pesticides (total)","1998","1998","1000 US$","82592","W","Data reported on country official publications or web sites (Official) or trade country files"
"RT","Pesticides Trade","102","Iran (Islamic Republic of)","5622","Import Value","1357","Pesticides (total)","1999","1999","1000 US$","119124","W","Data reported on country official publications or web sites (Official) or trade country files"
"RT","Pesticides Trade","102","Iran (Islamic Republic of)","5622","Import Value","1357","Pesticides (total)","2000","2000","1000 US$","120011","W","Data reported on country official publications or web sites (Official) or trade country files"
"RT","Pesticides Trade","102","Iran (Islamic Republic of)","5622","Import Value","1357","Pesticides (total)","2001","2001","1000 US$","118370","W","Data reported on country official publications or web sites (Official) or trade country files"
"RT","Pesticides Trade","102","Iran (Islamic Republic of)","5622","Import Value","1357","Pesticides (total)","2002","2002","1000 US$","121809","W","Data reported on country official publications or web sites (Official) or trade country files"
"RT","Pesticides Trade","102","Iran (Islamic Republic of)","5622","Import Value","1357","Pesticides (total)","2003","2003","1000 US$","110835","W","Data reported on country official publications or web sites (Official) or trade country files"
"RT","Pesticides Trade","102","Iran (Islamic Republic of)","5622","Import Value","1357","Pesticides (total)","2004","2004","1000 US$","136654","W","Data reported on country official publications or web sites (Official) or trade country files"
"RT","Pesticides Trade","102","Iran (Islamic Republic of)","5622","Import Value","1357","Pesticides (total)","2005","2005","1000 US$","133253","W","Data reported on country official publications or web sites (Official) or trade country files"
"RT","Pesticides Trade","102","Iran (Islamic Republic of)","5622","Import Value","1357","Pesticides (total)","2006","2006","1000 US$","53418","W","Data reported on country official publications or web sites (Official) or trade country files"
"RT","Pesticides Trade","102","Iran (Islamic Republic of)","5622","Import Value","1357","Pesticides (total)","2010","2010","1000 US$","118314.615","W","Data reported on country official publications or web sites (Official) or trade country files"
"RT","Pesticides Trade","102","Iran (Islamic Republic of)","5622","Import Value","1357","Pesticides (total)","2011","2011","1000 US$","138317.716","W","Data reported on country official publications or web sites (Official) or trade country files"
"RT","Pesticides Trade","102","Iran (Islamic Republic of)","5622","Import Value","1357","Pesticides (total)","2013","2013","1000 US$","150312.322","W","Data reported on country official publications or web sites (Official) or trade country files"
"RT","Pesticides Trade","102","Iran (Islamic Republic of)","5622","Import Value","1357","Pesticides (total)","2014","2014","1000 US$","226748.541","W","Data reported on country official publications or web sites (Official) or trade country files"
"RT","Pesticides Trade","102","Iran (Islamic Republic of)","5622","Import Value","1357","Pesticides (total)","2016","2016","1000 US$","181435.464","W","Data reported on country official publications or web sites (Official) or trade country files"
"RT","Pesticides Trade","102","Iran (Islamic Republic of)","5622","Import Value","1357","Pesticides (total)","2017","2017","1000 US$","216340.26","W","Data reported on country official publications or web sites (Official) or trade country files"
"RT","Pesticides Trade","102","Iran (Islamic Republic of)","5922","Export Value","1357","Pesticides (total)","1965","1965","1000 US$","4","W","Data reported on country official publications or web sites (Official) or trade country files"
"RT","Pesticides Trade","102","Iran (Islamic Republic of)","5922","Export Value","1357","Pesticides (total)","1966","1966","1000 US$","10","W","Data reported on country official publications or web sites (Official) or trade country files"
"RT","Pesticides Trade","102","Iran (Islamic Republic of)","5922","Export Value","1357","Pesticides (total)","1967","1967","1000 US$","7","W","Data reported on country official publications or web sites (Official) or trade country files"
"RT","Pesticides Trade","102","Iran (Islamic Republic of)","5922","Export Value","1357","Pesticides (total)","1968","1968","1000 US$","13","W","Data reported on country official publications or web sites (Official) or trade country files"
"RT","Pesticides Trade","102","Iran (Islamic Republic of)","5922","Export Value","1357","Pesticides (total)","1969","1969","1000 US$","2","W","Data reported on country official publications or web sites (Official) or trade country files"
"RT","Pesticides Trade","102","Iran (Islamic Republic of)","5922","Export Value","1357","Pesticides (total)","1970","1970","1000 US$","2","W","Data reported on country official publications or web sites (Official) or trade country files"
"RT","Pesticides Trade","102","Iran (Islamic Republic of)","5922","Export Value","1357","Pesticides (total)","1971","1971","1000 US$","845","W","Data reported on country official publications or web sites (Official) or trade country files"
"RT","Pesticides Trade","102","Iran (Islamic Republic of)","5922","Export Value","1357","Pesticides (total)","1972","1972","1000 US$","433","W","Data reported on country official publications or web sites (Official) or trade country files"
"RT","Pesticides Trade","102","Iran (Islamic Republic of)","5922","Export Value","1357","Pesticides (total)","1973","1973","1000 US$","2","W","Data reported on country official publications or web sites (Official) or trade country files"
"RT","Pesticides Trade","102","Iran (Islamic Republic of)","5922","Export Value","1357","Pesticides (total)","1974","1974","1000 US$","188","W","Data reported on country official publications or web sites (Official) or trade country files"
"RT","Pesticides Trade","102","Iran (Islamic Republic of)","5922","Export Value","1357","Pesticides (total)","1975","1975","1000 US$","145","W","Data reported on country official publications or web sites (Official) or trade country files"
"RT","Pesticides Trade","102","Iran (Islamic Republic of)","5922","Export Value","1357","Pesticides (total)","1976","1976","1000 US$","12","W","Data reported on country official publications or web sites (Official) or trade country files"
"RT","Pesticides Trade","102","Iran (Islamic Republic of)","5922","Export Value","1357","Pesticides (total)","1977","1977","1000 US$","105","W","Data reported on country official publications or web sites (Official) or trade country files"
"RT","Pesticides Trade","102","Iran (Islamic Republic of)","5922","Export Value","1357","Pesticides (total)","1978","1978","1000 US$","7","W","Data reported on country official publications or web sites (Official) or trade country files"
"RT","Pesticides Trade","102","Iran (Islamic Republic of)","5922","Export Value","1357","Pesticides (total)","1979","1979","1000 US$","20","F","FAO estimate"
"RT","Pesticides Trade","102","Iran (Islamic Republic of)","5922","Export Value","1357","Pesticides (total)","1980","1980","1000 US$","40","F","FAO estimate"
"RT","Pesticides Trade","102","Iran (Islamic Republic of)","5922","Export Value","1357","Pesticides (total)","1981","1981","1000 US$","50","F","FAO estimate"
"RT","Pesticides Trade","102","Iran (Islamic Republic of)","5922","Export Value","1357","Pesticides (total)","1982","1982","1000 US$","50","F","FAO estimate"
"RT","Pesticides Trade","102","Iran (Islamic Republic of)","5922","Export Value","1357","Pesticides (total)","1983","1983","1000 US$","50","F","FAO estimate"
"RT","Pesticides Trade","102","Iran (Islamic Republic of)","5922","Export Value","1357","Pesticides (total)","1984","1984","1000 US$","96","W","Data reported on country official publications or web sites (Official) or trade country files"
"RT","Pesticides Trade","102","Iran (Islamic Republic of)","5922","Export Value","1357","Pesticides (total)","1985","1985","1000 US$","80","F","FAO estimate"
"RT","Pesticides Trade","102","Iran (Islamic Republic of)","5922","Export Value","1357","Pesticides (total)","1986","1986","1000 US$","85","F","FAO estimate"
"RT","Pesticides Trade","102","Iran (Islamic Republic of)","5922","Export Value","1357","Pesticides (total)","1987","1987","1000 US$","80","F","FAO estimate"
"RT","Pesticides Trade","102","Iran (Islamic Republic of)","5922","Export Value","1357","Pesticides (total)","1988","1988","1000 US$","90","F","FAO estimate"
"RT","Pesticides Trade","102","Iran (Islamic Republic of)","5922","Export Value","1357","Pesticides (total)","1989","1989","1000 US$","95","F","FAO estimate"
"RT","Pesticides Trade","102","Iran (Islamic Republic of)","5922","Export Value","1357","Pesticides (total)","1990","1990","1000 US$","80","F","FAO estimate"
"RT","Pesticides Trade","102","Iran (Islamic Republic of)","5922","Export Value","1357","Pesticides (total)","1991","1991","1000 US$","90","F","FAO estimate"
"RT","Pesticides Trade","102","Iran (Islamic Republic of)","5922","Export Value","1357","Pesticides (total)","1992","1992","1000 US$","100","F","FAO estimate"
"RT","Pesticides Trade","102","Iran (Islamic Republic of)","5922","Export Value","1357","Pesticides (total)","1993","1993","1000 US$","100","F","FAO estimate"
"RT","Pesticides Trade","102","Iran (Islamic Republic of)","5922","Export Value","1357","Pesticides (total)","1994","1994","1000 US$","150","F","FAO estimate"
"RT","Pesticides Trade","102","Iran (Islamic Republic of)","5922","Export Value","1357","Pesticides (total)","1995","1995","1000 US$","180","F","FAO estimate"
"RT","Pesticides Trade","102","Iran (Islamic Republic of)","5922","Export Value","1357","Pesticides (total)","1996","1996","1000 US$","200","F","FAO estimate"
"RT","Pesticides Trade","102","Iran (Islamic Republic of)","5922","Export Value","1357","Pesticides (total)","1997","1997","1000 US$","224","W","Data reported on country official publications or web sites (Official) or trade country files"
"RT","Pesticides Trade","102","Iran (Islamic Republic of)","5922","Export Value","1357","Pesticides (total)","1998","1998","1000 US$","379","W","Data reported on country official publications or web sites (Official) or trade country files"
"RT","Pesticides Trade","102","Iran (Islamic Republic of)","5922","Export Value","1357","Pesticides (total)","1999","1999","1000 US$","333","W","Data reported on country official publications or web sites (Official) or trade country files"
"RT","Pesticides Trade","102","Iran (Islamic Republic of)","5922","Export Value","1357","Pesticides (total)","2000","2000","1000 US$","773","W","Data reported on country official publications or web sites (Official) or trade country files"
"RT","Pesticides Trade","102","Iran (Islamic Republic of)","5922","Export Value","1357","Pesticides (total)","2001","2001","1000 US$","5518","W","Data reported on country official publications or web sites (Official) or trade country files"
"RT","Pesticides Trade","102","Iran (Islamic Republic of)","5922","Export Value","1357","Pesticides (total)","2002","2002","1000 US$","5507","W","Data reported on country official publications or web sites (Official) or trade country files"
"RT","Pesticides Trade","102","Iran (Islamic Republic of)","5922","Export Value","1357","Pesticides (total)","2003","2003","1000 US$","2970","W","Data reported on country official publications or web sites (Official) or trade country files"
"RT","Pesticides Trade","102","Iran (Islamic Republic of)","5922","Export Value","1357","Pesticides (total)","2004","2004","1000 US$","1864","W","Data reported on country official publications or web sites (Official) or trade country files"
"RT","Pesticides Trade","102","Iran (Islamic Republic of)","5922","Export Value","1357","Pesticides (total)","2005","2005","1000 US$","1867","W","Data reported on country official publications or web sites (Official) or trade country files"
"RT","Pesticides Trade","102","Iran (Islamic Republic of)","5922","Export Value","1357","Pesticides (total)","2006","2006","1000 US$","1576","W","Data reported on country official publications or web sites (Official) or trade country files"
"RT","Pesticides Trade","102","Iran (Islamic Republic of)","5922","Export Value","1357","Pesticides (total)","2010","2010","1000 US$","3518.69","W","Data reported on country official publications or web sites (Official) or trade country files"
"RT","Pesticides Trade","102","Iran (Islamic Republic of)","5922","Export Value","1357","Pesticides (total)","2011","2011","1000 US$","4302.742","W","Data reported on country official publications or web sites (Official) or trade country files"
"RT","Pesticides Trade","102","Iran (Islamic Republic of)","5922","Export Value","1357","Pesticides (total)","2013","2013","1000 US$","7527.572","W","Data reported on country official publications or web sites (Official) or trade country files"
"RT","Pesticides Trade","102","Iran (Islamic Republic of)","5922","Export Value","1357","Pesticides (total)","2014","2014","1000 US$","7719.753","W","Data reported on country official publications or web sites (Official) or trade country files"
"RT","Pesticides Trade","102","Iran (Islamic Republic of)","5922","Export Value","1357","Pesticides (total)","2016","2016","1000 US$","7591.376","W","Data reported on country official publications or web sites (Official) or trade country files"
"RT","Pesticides Trade","102","Iran (Islamic Republic of)","5922","Export Value","1357","Pesticides (total)","2017","2017","1000 US$","8249.344","W","Data reported on country official publications or web sites (Official) or trade country files"
"RT","Pesticides Trade","102","Iran (Islamic Republic of)","5622","Import Value","1416","Insecticides","1997","1997","1000 US$","26468","W","Data reported on country official publications or web sites (Official) or trade country files"
"RT","Pesticides Trade","102","Iran (Islamic Republic of)","5622","Import Value","1416","Insecticides","1998","1998","1000 US$","24549","W","Data reported on country official publications or web sites (Official) or trade country files"
"RT","Pesticides Trade","102","Iran (Islamic Republic of)","5622","Import Value","1416","Insecticides","1999","1999","1000 US$","28871","W","Data reported on country official publications or web sites (Official) or trade country files"
"RT","Pesticides Trade","102","Iran (Islamic Republic of)","5622","Import Value","1416","Insecticides","2000","2000","1000 US$","31590","W","Data reported on country official publications or web sites (Official) or trade country files"
"RT","Pesticides Trade","102","Iran (Islamic Republic of)","5622","Import Value","1416","Insecticides","2001","2001","1000 US$","33028","W","Data reported on country official publications or web sites (Official) or trade country files"
"RT","Pesticides Trade","102","Iran (Islamic Republic of)","5622","Import Value","1416","Insecticides","2002","2002","1000 US$","38722","W","Data reported on country official publications or web sites (Official) or trade country files"
"RT","Pesticides Trade","102","Iran (Islamic Republic of)","5622","Import Value","1416","Insecticides","2003","2003","1000 US$","42588","W","Data reported on country official publications or web sites (Official) or trade country files"
"RT","Pesticides Trade","102","Iran (Islamic Republic of)","5622","Import Value","1416","Insecticides","2004","2004","1000 US$","53490","W","Data reported on country official publications or web sites (Official) or trade country files"
"RT","Pesticides Trade","102","Iran (Islamic Republic of)","5622","Import Value","1416","Insecticides","2005","2005","1000 US$","62047","W","Data reported on country official publications or web sites (Official) or trade country files"
"RT","Pesticides Trade","102","Iran (Islamic Republic of)","5622","Import Value","1416","Insecticides","2006","2006","1000 US$","27536","W","Data reported on country official publications or web sites (Official) or trade country files"
"RT","Pesticides Trade","102","Iran (Islamic Republic of)","5622","Import Value","1416","Insecticides","2010","2010","1000 US$","39584.494","W","Data reported on country official publications or web sites (Official) or trade country files"
"RT","Pesticides Trade","102","Iran (Islamic Republic of)","5922","Export Value","1416","Insecticides","1997","1997","1000 US$","200","W","Data reported on country official publications or web sites (Official) or trade country files"
"RT","Pesticides Trade","102","Iran (Islamic Republic of)","5922","Export Value","1416","Insecticides","1998","1998","1000 US$","312","W","Data reported on country official publications or web sites (Official) or trade country files"
"RT","Pesticides Trade","102","Iran (Islamic Republic of)","5922","Export Value","1416","Insecticides","1999","1999","1000 US$","331","W","Data reported on country official publications or web sites (Official) or trade country files"
"RT","Pesticides Trade","102","Iran (Islamic Republic of)","5922","Export Value","1416","Insecticides","2000","2000","1000 US$","772","W","Data reported on country official publications or web sites (Official) or trade country files"
"RT","Pesticides Trade","102","Iran (Islamic Republic of)","5922","Export Value","1416","Insecticides","2001","2001","1000 US$","5493","W","Data reported on country official publications or web sites (Official) or trade country files"
"RT","Pesticides Trade","102","Iran (Islamic Republic of)","5922","Export Value","1416","Insecticides","2002","2002","1000 US$","5504","W","Data reported on country official publications or web sites (Official) or trade country files"
"RT","Pesticides Trade","102","Iran (Islamic Republic of)","5922","Export Value","1416","Insecticides","2003","2003","1000 US$","2779","W","Data reported on country official publications or web sites (Official) or trade country files"
"RT","Pesticides Trade","102","Iran (Islamic Republic of)","5922","Export Value","1416","Insecticides","2004","2004","1000 US$","1860","W","Data reported on country official publications or web sites (Official) or trade country files"
"RT","Pesticides Trade","102","Iran (Islamic Republic of)","5922","Export Value","1416","Insecticides","2005","2005","1000 US$","1318","W","Data reported on country official publications or web sites (Official) or trade country files"
"RT","Pesticides Trade","102","Iran (Islamic Republic of)","5922","Export Value","1416","Insecticides","2006","2006","1000 US$","1015","W","Data reported on country official publications or web sites (Official) or trade country files"
"RT","Pesticides Trade","102","Iran (Islamic Republic of)","5922","Export Value","1416","Insecticides","2010","2010","1000 US$","3066.604","W","Data reported on country official publications or web sites (Official) or trade country files"
"RT","Pesticides Trade","102","Iran (Islamic Republic of)","5622","Import Value","1417","Fungicides","1997","1997","1000 US$","12535","W","Data reported on country official publications or web sites (Official) or trade country files"
"RT","Pesticides Trade","102","Iran (Islamic Republic of)","5622","Import Value","1417","Fungicides","1998","1998","1000 US$","16082","W","Data reported on country official publications or web sites (Official) or trade country files"
"RT","Pesticides Trade","102","Iran (Islamic Republic of)","5622","Import Value","1417","Fungicides","1999","1999","1000 US$","18526","W","Data reported on country official publications or web sites (Official) or trade country files"
"RT","Pesticides Trade","102","Iran (Islamic Republic of)","5622","Import Value","1417","Fungicides","2000","2000","1000 US$","16470","W","Data reported on country official publications or web sites (Official) or trade country files"
"RT","Pesticides Trade","102","Iran (Islamic Republic of)","5622","Import Value","1417","Fungicides","2001","2001","1000 US$","22394","W","Data reported on country official publications or web sites (Official) or trade country files"
"RT","Pesticides Trade","102","Iran (Islamic Republic of)","5622","Import Value","1417","Fungicides","2002","2002","1000 US$","20105","W","Data reported on country official publications or web sites (Official) or trade country files"
"RT","Pesticides Trade","102","Iran (Islamic Republic of)","5622","Import Value","1417","Fungicides","2003","2003","1000 US$","12660","W","Data reported on country official publications or web sites (Official) or trade country files"
"RT","Pesticides Trade","102","Iran (Islamic Republic of)","5622","Import Value","1417","Fungicides","2004","2004","1000 US$","22090","W","Data reported on country official publications or web sites (Official) or trade country files"
"RT","Pesticides Trade","102","Iran (Islamic Republic of)","5622","Import Value","1417","Fungicides","2005","2005","1000 US$","23941","W","Data reported on country official publications or web sites (Official) or trade country files"
"RT","Pesticides Trade","102","Iran (Islamic Republic of)","5622","Import Value","1417","Fungicides","2006","2006","1000 US$","5394","W","Data reported on country official publications or web sites (Official) or trade country files"
"RT","Pesticides Trade","102","Iran (Islamic Republic of)","5622","Import Value","1417","Fungicides","2010","2010","1000 US$","11351.411","W","Data reported on country official publications or web sites (Official) or trade country files"
"RT","Pesticides Trade","102","Iran (Islamic Republic of)","5922","Export Value","1417","Fungicides","2000","2000","1000 US$","1","W","Data reported on country official publications or web sites (Official) or trade country files"
"RT","Pesticides Trade","102","Iran (Islamic Republic of)","5922","Export Value","1417","Fungicides","2001","2001","1000 US$","18","W","Data reported on country official publications or web sites (Official) or trade country files"
"RT","Pesticides Trade","102","Iran (Islamic Republic of)","5922","Export Value","1417","Fungicides","2002","2002","1000 US$","2","W","Data reported on country official publications or web sites (Official) or trade country files"
"RT","Pesticides Trade","102","Iran (Islamic Republic of)","5922","Export Value","1417","Fungicides","2003","2003","1000 US$","191","W","Data reported on country official publications or web sites (Official) or trade country files"
"RT","Pesticides Trade","102","Iran (Islamic Republic of)","5922","Export Value","1417","Fungicides","2004","2004","1000 US$","4","W","Data reported on country official publications or web sites (Official) or trade country files"
"RT","Pesticides Trade","102","Iran (Islamic Republic of)","5922","Export Value","1417","Fungicides","2005","2005","1000 US$","77","W","Data reported on country official publications or web sites (Official) or trade country files"
"RT","Pesticides Trade","102","Iran (Islamic Republic of)","5922","Export Value","1417","Fungicides","2006","2006","1000 US$","57","W","Data reported on country official publications or web sites (Official) or trade country files"
"RT","Pesticides Trade","102","Iran (Islamic Republic of)","5922","Export Value","1417","Fungicides","2010","2010","1000 US$","2.625","W","Data reported on country official publications or web sites (Official) or trade country files"
"RT","Pesticides Trade","102","Iran (Islamic Republic of)","5622","Import Value","1418","Herbicides","1997","1997","1000 US$","29327","W","Data reported on country official publications or web sites (Official) or trade country files"
"RT","Pesticides Trade","102","Iran (Islamic Republic of)","5622","Import Value","1418","Herbicides","1998","1998","1000 US$","25216","W","Data reported on country official publications or web sites (Official) or trade country files"
"RT","Pesticides Trade","102","Iran (Islamic Republic of)","5622","Import Value","1418","Herbicides","1999","1999","1000 US$","30190","W","Data reported on country official publications or web sites (Official) or trade country files"
"RT","Pesticides Trade","102","Iran (Islamic Republic of)","5622","Import Value","1418","Herbicides","2000","2000","1000 US$","29198","W","Data reported on country official publications or web sites (Official) or trade country files"
"RT","Pesticides Trade","102","Iran (Islamic Republic of)","5622","Import Value","1418","Herbicides","2001","2001","1000 US$","30001","W","Data reported on country official publications or web sites (Official) or trade country files"
"RT","Pesticides Trade","102","Iran (Islamic Republic of)","5622","Import Value","1418","Herbicides","2002","2002","1000 US$","26801","W","Data reported on country official publications or web sites (Official) or trade country files"
"RT","Pesticides Trade","102","Iran (Islamic Republic of)","5622","Import Value","1418","Herbicides","2003","2003","1000 US$","17067","W","Data reported on country official publications or web sites (Official) or trade country files"
"RT","Pesticides Trade","102","Iran (Islamic Republic of)","5622","Import Value","1418","Herbicides","2004","2004","1000 US$","47987","W","Data reported on country official publications or web sites (Official) or trade country files"
"RT","Pesticides Trade","102","Iran (Islamic Republic of)","5622","Import Value","1418","Herbicides","2005","2005","1000 US$","42883","W","Data reported on country official publications or web sites (Official) or trade country files"
"RT","Pesticides Trade","102","Iran (Islamic Republic of)","5622","Import Value","1418","Herbicides","2006","2006","1000 US$","18580","W","Data reported on country official publications or web sites (Official) or trade country files"
"RT","Pesticides Trade","102","Iran (Islamic Republic of)","5622","Import Value","1418","Herbicides","2010","2010","1000 US$","31254.271","W","Data reported on country official publications or web sites (Official) or trade country files"
"RT","Pesticides Trade","102","Iran (Islamic Republic of)","5922","Export Value","1418","Herbicides","2005","2005","1000 US$","359","W","Data reported on country official publications or web sites (Official) or trade country files"
"RT","Pesticides Trade","102","Iran (Islamic Republic of)","5922","Export Value","1418","Herbicides","2006","2006","1000 US$","361","W","Data reported on country official publications or web sites (Official) or trade country files"
"RT","Pesticides Trade","102","Iran (Islamic Republic of)","5922","Export Value","1418","Herbicides","2010","2010","1000 US$","440.341","W","Data reported on country official publications or web sites (Official) or trade country files"
"RT","Pesticides Trade","102","Iran (Islamic Republic of)","5622","Import Value","1419","Disinfectants, etc","1997","1997","1000 US$","15335","W","Data reported on country official publications or web sites (Official) or trade country files"
"RT","Pesticides Trade","102","Iran (Islamic Republic of)","5622","Import Value","1419","Disinfectants, etc","1998","1998","1000 US$","16745","W","Data reported on country official publications or web sites (Official) or trade country files"
"RT","Pesticides Trade","102","Iran (Islamic Republic of)","5622","Import Value","1419","Disinfectants, etc","1999","1999","1000 US$","41536","W","Data reported on country official publications or web sites (Official) or trade country files"
"RT","Pesticides Trade","102","Iran (Islamic Republic of)","5622","Import Value","1419","Disinfectants, etc","2000","2000","1000 US$","42752","W","Data reported on country official publications or web sites (Official) or trade country files"
"RT","Pesticides Trade","102","Iran (Islamic Republic of)","5622","Import Value","1419","Disinfectants, etc","2001","2001","1000 US$","32948","W","Data reported on country official publications or web sites (Official) or trade country files"
"RT","Pesticides Trade","102","Iran (Islamic Republic of)","5622","Import Value","1419","Disinfectants, etc","2002","2002","1000 US$","36181","W","Data reported on country official publications or web sites (Official) or trade country files"
"RT","Pesticides Trade","102","Iran (Islamic Republic of)","5622","Import Value","1419","Disinfectants, etc","2003","2003","1000 US$","38520","W","Data reported on country official publications or web sites (Official) or trade country files"
"RT","Pesticides Trade","102","Iran (Islamic Republic of)","5622","Import Value","1419","Disinfectants, etc","2004","2004","1000 US$","13086","W","Data reported on country official publications or web sites (Official) or trade country files"
"RT","Pesticides Trade","102","Iran (Islamic Republic of)","5622","Import Value","1419","Disinfectants, etc","2005","2005","1000 US$","4382","W","Data reported on country official publications or web sites (Official) or trade country files"
"RT","Pesticides Trade","102","Iran (Islamic Republic of)","5622","Import Value","1419","Disinfectants, etc","2006","2006","1000 US$","1907","W","Data reported on country official publications or web sites (Official) or trade country files"
"RT","Pesticides Trade","102","Iran (Islamic Republic of)","5622","Import Value","1419","Disinfectants, etc","2010","2010","1000 US$","36124.439","W","Data reported on country official publications or web sites (Official) or trade country files"
"RT","Pesticides Trade","102","Iran (Islamic Republic of)","5922","Export Value","1419","Disinfectants, etc","1997","1997","1000 US$","24","W","Data reported on country official publications or web sites (Official) or trade country files"
"RT","Pesticides Trade","102","Iran (Islamic Republic of)","5922","Export Value","1419","Disinfectants, etc","1998","1998","1000 US$","66","W","Data reported on country official publications or web sites (Official) or trade country files"
"RT","Pesticides Trade","102","Iran (Islamic Republic of)","5922","Export Value","1419","Disinfectants, etc","1999","1999","1000 US$","3","W","Data reported on country official publications or web sites (Official) or trade country files"
"RT","Pesticides Trade","102","Iran (Islamic Republic of)","5922","Export Value","1419","Disinfectants, etc","2001","2001","1000 US$","7","W","Data reported on country official publications or web sites (Official) or trade country files"
"RT","Pesticides Trade","102","Iran (Islamic Republic of)","5922","Export Value","1419","Disinfectants, etc","2002","2002","1000 US$","1","W","Data reported on country official publications or web sites (Official) or trade country files"
"RT","Pesticides Trade","102","Iran (Islamic Republic of)","5922","Export Value","1419","Disinfectants, etc","2003","2003","1000 US$","0","W","Data reported on country official publications or web sites (Official) or trade country files"
"RT","Pesticides Trade","102","Iran (Islamic Republic of)","5922","Export Value","1419","Disinfectants, etc","2004","2004","1000 US$","0","W","Data reported on country official publications or web sites (Official) or trade country files"
"RT","Pesticides Trade","102","Iran (Islamic Republic of)","5922","Export Value","1419","Disinfectants, etc","2005","2005","1000 US$","113","W","Data reported on country official publications or web sites (Official) or trade country files"
"RT","Pesticides Trade","102","Iran (Islamic Republic of)","5922","Export Value","1419","Disinfectants, etc","2006","2006","1000 US$","142","W","Data reported on country official publications or web sites (Official) or trade country files"
"RT","Pesticides Trade","102","Iran (Islamic Republic of)","5922","Export Value","1419","Disinfectants, etc","2010","2010","1000 US$","9.119","W","Data reported on country official publications or web sites (Official) or trade country files"
"RT","Pesticides Trade","102","Iran (Islamic Republic of)","5622","Import Value","1443","Insecticides (excl. Haz. pest.)","2011","2011","1000 US$","64727.321","W","Data reported on country official publications or web sites (Official) or trade country files"
"RT","Pesticides Trade","102","Iran (Islamic Republic of)","5622","Import Value","1443","Insecticides (excl. Haz. pest.)","2013","2013","1000 US$","75965.052","W","Data reported on country official publications or web sites (Official) or trade country files"
"RT","Pesticides Trade","102","Iran (Islamic Republic of)","5622","Import Value","1443","Insecticides (excl. Haz. pest.)","2014","2014","1000 US$","105865.048","W","Data reported on country official publications or web sites (Official) or trade country files"
"RT","Pesticides Trade","102","Iran (Islamic Republic of)","5622","Import Value","1443","Insecticides (excl. Haz. pest.)","2016","2016","1000 US$","80411.332","W","Data reported on country official publications or web sites (Official) or trade country files"
"RT","Pesticides Trade","102","Iran (Islamic Republic of)","5622","Import Value","1443","Insecticides (excl. Haz. pest.)","2017","2017","1000 US$","101568.531","W","Data reported on country official publications or web sites (Official) or trade country files"
"RT","Pesticides Trade","102","Iran (Islamic Republic of)","5922","Export Value","1443","Insecticides (excl. Haz. pest.)","2011","2011","1000 US$","2976.595","W","Data reported on country official publications or web sites (Official) or trade country files"
"RT","Pesticides Trade","102","Iran (Islamic Republic of)","5922","Export Value","1443","Insecticides (excl. Haz. pest.)","2013","2013","1000 US$","3674.803","W","Data reported on country official publications or web sites (Official) or trade country files"
"RT","Pesticides Trade","102","Iran (Islamic Republic of)","5922","Export Value","1443","Insecticides (excl. Haz. pest.)","2014","2014","1000 US$","5364.932","W","Data reported on country official publications or web sites (Official) or trade country files"
"RT","Pesticides Trade","102","Iran (Islamic Republic of)","5922","Export Value","1443","Insecticides (excl. Haz. pest.)","2016","2016","1000 US$","5392.057","W","Data reported on country official publications or web sites (Official) or trade country files"
"RT","Pesticides Trade","102","Iran (Islamic Republic of)","5922","Export Value","1443","Insecticides (excl. Haz. pest.)","2017","2017","1000 US$","6010.054","W","Data reported on country official publications or web sites (Official) or trade country files"
"RT","Pesticides Trade","102","Iran (Islamic Republic of)","5622","Import Value","1444","Fungicides (excl. Haz. pest.)","2011","2011","1000 US$","22341.884","W","Data reported on country official publications or web sites (Official) or trade country files"
"RT","Pesticides Trade","102","Iran (Islamic Republic of)","5622","Import Value","1444","Fungicides (excl. Haz. pest.)","2013","2013","1000 US$","20359.714","W","Data reported on country official publications or web sites (Official) or trade country files"
"RT","Pesticides Trade","102","Iran (Islamic Republic of)","5622","Import Value","1444","Fungicides (excl. Haz. pest.)","2014","2014","1000 US$","36701.062","W","Data reported on country official publications or web sites (Official) or trade country files"
"RT","Pesticides Trade","102","Iran (Islamic Republic of)","5622","Import Value","1444","Fungicides (excl. Haz. pest.)","2016","2016","1000 US$","29351.721","W","Data reported on country official publications or web sites (Official) or trade country files"
"RT","Pesticides Trade","102","Iran (Islamic Republic of)","5622","Import Value","1444","Fungicides (excl. Haz. pest.)","2017","2017","1000 US$","42211.023","W","Data reported on country official publications or web sites (Official) or trade country files"
"RT","Pesticides Trade","102","Iran (Islamic Republic of)","5922","Export Value","1444","Fungicides (excl. Haz. pest.)","2011","2011","1000 US$","18.996","W","Data reported on country official publications or web sites (Official) or trade country files"
"RT","Pesticides Trade","102","Iran (Islamic Republic of)","5922","Export Value","1444","Fungicides (excl. Haz. pest.)","2013","2013","1000 US$","171.941","W","Data reported on country official publications or web sites (Official) or trade country files"
"RT","Pesticides Trade","102","Iran (Islamic Republic of)","5922","Export Value","1444","Fungicides (excl. Haz. pest.)","2014","2014","1000 US$","157.839","W","Data reported on country official publications or web sites (Official) or trade country files"
"RT","Pesticides Trade","102","Iran (Islamic Republic of)","5922","Export Value","1444","Fungicides (excl. Haz. pest.)","2016","2016","1000 US$","273.049","W","Data reported on country official publications or web sites (Official) or trade country files"
"RT","Pesticides Trade","102","Iran (Islamic Republic of)","5922","Export Value","1444","Fungicides (excl. Haz. pest.)","2017","2017","1000 US$","235.271","W","Data reported on country official publications or web sites (Official) or trade country files"
"RT","Pesticides Trade","102","Iran (Islamic Republic of)","5622","Import Value","1445","Herbicides (excl. Haz. pest.)","2011","2011","1000 US$","42387.062","W","Data reported on country official publications or web sites (Official) or trade country files"
"RT","Pesticides Trade","102","Iran (Islamic Republic of)","5622","Import Value","1445","Herbicides (excl. Haz. pest.)","2013","2013","1000 US$","45701.095","W","Data reported on country official publications or web sites (Official) or trade country files"
"RT","Pesticides Trade","102","Iran (Islamic Republic of)","5622","Import Value","1445","Herbicides (excl. Haz. pest.)","2014","2014","1000 US$","70228.99","W","Data reported on country official publications or web sites (Official) or trade country files"
"RT","Pesticides Trade","102","Iran (Islamic Republic of)","5622","Import Value","1445","Herbicides (excl. Haz. pest.)","2016","2016","1000 US$","48460.491","W","Data reported on country official publications or web sites (Official) or trade country files"
"RT","Pesticides Trade","102","Iran (Islamic Republic of)","5622","Import Value","1445","Herbicides (excl. Haz. pest.)","2017","2017","1000 US$","51342.532","W","Data reported on country official publications or web sites (Official) or trade country files"
"RT","Pesticides Trade","102","Iran (Islamic Republic of)","5922","Export Value","1445","Herbicides (excl. Haz. pest.)","2011","2011","1000 US$","1264.621","W","Data reported on country official publications or web sites (Official) or trade country files"
"RT","Pesticides Trade","102","Iran (Islamic Republic of)","5922","Export Value","1445","Herbicides (excl. Haz. pest.)","2013","2013","1000 US$","3390.502","W","Data reported on country official publications or web sites (Official) or trade country files"
"RT","Pesticides Trade","102","Iran (Islamic Republic of)","5922","Export Value","1445","Herbicides (excl. Haz. pest.)","2014","2014","1000 US$","1717.842","W","Data reported on country official publications or web sites (Official) or trade country files"
"RT","Pesticides Trade","102","Iran (Islamic Republic of)","5922","Export Value","1445","Herbicides (excl. Haz. pest.)","2016","2016","1000 US$","1599.949","W","Data reported on country official publications or web sites (Official) or trade country files"
"RT","Pesticides Trade","102","Iran (Islamic Republic of)","5922","Export Value","1445","Herbicides (excl. Haz. pest.)","2017","2017","1000 US$","1684.61","W","Data reported on country official publications or web sites (Official) or trade country files"
"RT","Pesticides Trade","102","Iran (Islamic Republic of)","5622","Import Value","1446","Disinfectants, etc (excl. Haz. pest.)","2011","2011","1000 US$","8861.45","W","Data reported on country official publications or web sites (Official) or trade country files"
"RT","Pesticides Trade","102","Iran (Islamic Republic of)","5622","Import Value","1446","Disinfectants, etc (excl. Haz. pest.)","2013","2013","1000 US$","8286.459","W","Data reported on country official publications or web sites (Official) or trade country files"
"RT","Pesticides Trade","102","Iran (Islamic Republic of)","5622","Import Value","1446","Disinfectants, etc (excl. Haz. pest.)","2014","2014","1000 US$","13937.962","W","Data reported on country official publications or web sites (Official) or trade country files"
"RT","Pesticides Trade","102","Iran (Islamic Republic of)","5622","Import Value","1446","Disinfectants, etc (excl. Haz. pest.)","2016","2016","1000 US$","23197.298","W","Data reported on country official publications or web sites (Official) or trade country files"
"RT","Pesticides Trade","102","Iran (Islamic Republic of)","5622","Import Value","1446","Disinfectants, etc (excl. Haz. pest.)","2017","2017","1000 US$","21210.881","W","Data reported on country official publications or web sites (Official) or trade country files"
"RT","Pesticides Trade","102","Iran (Islamic Republic of)","5922","Export Value","1446","Disinfectants, etc (excl. Haz. pest.)","2011","2011","1000 US$","42.53","W","Data reported on country official publications or web sites (Official) or trade country files"
"RT","Pesticides Trade","102","Iran (Islamic Republic of)","5922","Export Value","1446","Disinfectants, etc (excl. Haz. pest.)","2013","2013","1000 US$","290.323","W","Data reported on country official publications or web sites (Official) or trade country files"
"RT","Pesticides Trade","102","Iran (Islamic Republic of)","5922","Export Value","1446","Disinfectants, etc (excl. Haz. pest.)","2014","2014","1000 US$","479.139","W","Data reported on country official publications or web sites (Official) or trade country files"
"RT","Pesticides Trade","102","Iran (Islamic Republic of)","5922","Export Value","1446","Disinfectants, etc (excl. Haz. pest.)","2016","2016","1000 US$","316.234","W","Data reported on country official publications or web sites (Official) or trade country files"
"RT","Pesticides Trade","102","Iran (Islamic Republic of)","5922","Export Value","1446","Disinfectants, etc (excl. Haz. pest.)","2017","2017","1000 US$","305.461","W","Data reported on country official publications or web sites (Official) or trade country files"
"RT","Pesticides Trade","102","Iran (Islamic Republic of)","5622","Import Value","1442","Hazardous pesticides","2014","2014","1000 US$","15.477","W","Data reported on country official publications or web sites (Official) or trade country files"
"RT","Pesticides Trade","102","Iran (Islamic Republic of)","5622","Import Value","1442","Hazardous pesticides","2016","2016","1000 US$","14.62","W","Data reported on country official publications or web sites (Official) or trade country files"
"RT","Pesticides Trade","102","Iran (Islamic Republic of)","5922","Export Value","1442","Hazardous pesticides","2016","2016","1000 US$","10.087","W","Data reported on country official publications or web sites (Official) or trade country files"
"RT","Pesticides Trade","102","Iran (Islamic Republic of)","5622","Import Value","1450","Antimalarial insecticides","2017","2017","1000 US$","7","W","Data reported on country official publications or web sites (Official) or trade country files"
"RT","Pesticides Trade","102","Iran (Islamic Republic of)","5610","Import Quantity","1437","2,4,5-T and its salts and esters","2016","2016","tonnes","10","W","Data reported on country official publications or web sites (Official) or trade country files"
"RT","Pesticides Trade","102","Iran (Islamic Republic of)","5610","Import Quantity","1437","2,4,5-T and its salts and esters","2017","2017","tonnes","4","W","Data reported on country official publications or web sites (Official) or trade country files"
"RT","Pesticides Trade","102","Iran (Islamic Republic of)","5622","Import Value","1437","2,4,5-T and its salts and esters","2016","2016","1000 US$","136.315","W","Data reported on country official publications or web sites (Official) or trade country files"
"RT","Pesticides Trade","102","Iran (Islamic Republic of)","5622","Import Value","1437","2,4,5-T and its salts and esters","2017","2017","1000 US$","82.032","W","Data reported on country official publications or web sites (Official) or trade country files"
"RT","Pesticides Trade","102","Iran (Islamic Republic of)","5610","Import Quantity","1441","Aldicarb, captafol & methamidophos","2011","2011","tonnes","18.4","W","Data reported on country official publications or web sites (Official) or trade country files"
"RT","Pesticides Trade","102","Iran (Islamic Republic of)","5610","Import Quantity","1441","Aldicarb, captafol & methamidophos","2013","2013","tonnes","10","W","Data reported on country official publications or web sites (Official) or trade country files"
"RT","Pesticides Trade","102","Iran (Islamic Republic of)","5610","Import Quantity","1441","Aldicarb, captafol & methamidophos","2014","2014","tonnes","41.062","W","Data reported on country official publications or web sites (Official) or trade country files"
"RT","Pesticides Trade","102","Iran (Islamic Republic of)","5622","Import Value","1441","Aldicarb, captafol & methamidophos","2011","2011","1000 US$","37.469","W","Data reported on country official publications or web sites (Official) or trade country files"
"RT","Pesticides Trade","102","Iran (Islamic Republic of)","5622","Import Value","1441","Aldicarb, captafol & methamidophos","2013","2013","1000 US$","106.888","W","Data reported on country official publications or web sites (Official) or trade country files"
"RT","Pesticides Trade","102","Iran (Islamic Republic of)","5622","Import Value","1441","Aldicarb, captafol & methamidophos","2014","2014","1000 US$","126.595","W","Data reported on country official publications or web sites (Official) or trade country files"
"RT","Pesticides Trade","102","Iran (Islamic Republic of)","5610","Import Quantity","1435","Binapacryl","2014","2014","tonnes","0.05","W","Data reported on country official publications or web sites (Official) or trade country files"
"RT","Pesticides Trade","102","Iran (Islamic Republic of)","5622","Import Value","1435","Binapacryl","2014","2014","1000 US$","10.244","W","Data reported on country official publications or web sites (Official) or trade country files"
"RT","Pesticides Trade","102","Iran (Islamic Republic of)","5910","Export Quantity","1440","Chlordimeform","2016","2016","tonnes","288","W","Data reported on country official publications or web sites (Official) or trade country files"
"RT","Pesticides Trade","102","Iran (Islamic Republic of)","5922","Export Value","1440","Chlordimeform","2016","2016","1000 US$","31.68","W","Data reported on country official publications or web sites (Official) or trade country files"
"RT","Pesticides Trade","102","Iran (Islamic Republic of)","5610","Import Quantity","1430","Dinoseb and its salts","2016","2016","tonnes","43.04","W","Data reported on country official publications or web sites (Official) or trade country files"
"RT","Pesticides Trade","102","Iran (Islamic Republic of)","5610","Import Quantity","1430","Dinoseb and its salts","2017","2017","tonnes","66.5","W","Data reported on country official publications or web sites (Official) or trade country files"
"RT","Pesticides Trade","102","Iran (Islamic Republic of)","5622","Import Value","1430","Dinoseb and its salts","2016","2016","1000 US$","298.521","W","Data reported on country official publications or web sites (Official) or trade country files"
"RT","Pesticides Trade","102","Iran (Islamic Republic of)","5622","Import Value","1430","Dinoseb and its salts","2017","2017","1000 US$","517.291","W","Data reported on country official publications or web sites (Official) or trade country files"
"RT","Pesticides Trade","102","Iran (Islamic Republic of)","5610","Import Quantity","1431","DNOC and its salts","2011","2011","tonnes","30.553","W","Data reported on country official publications or web sites (Official) or trade country files"
"RT","Pesticides Trade","102","Iran (Islamic Republic of)","5622","Import Value","1431","DNOC and its salts","2011","2011","1000 US$","267.77","W","Data reported on country official publications or web sites (Official) or trade country files"
"RT","Pesticides Trade","102","Iran (Islamic Republic of)","5910","Export Quantity","1431","DNOC and its salts","2011","2011","tonnes","3.5","W","Data reported on country official publications or web sites (Official) or trade country files"
"RT","Pesticides Trade","102","Iran (Islamic Republic of)","5922","Export Value","1431","DNOC and its salts","2011","2011","1000 US$","2.225","W","Data reported on country official publications or web sites (Official) or trade country files"
"RT","Pesticides Trade","102","Iran (Islamic Republic of)","5610","Import Quantity","1424","Ethylene dibromide (1,2-dibromoethane)","2011","2011","tonnes","10","W","Data reported on country official publications or web sites (Official) or trade country files"
"RT","Pesticides Trade","102","Iran (Islamic Republic of)","5610","Import Quantity","1424","Ethylene dibromide (1,2-dibromoethane)","2017","2017","tonnes","0.004","W","Data reported on country official publications or web sites (Official) or trade country files"
"RT","Pesticides Trade","102","Iran (Islamic Republic of)","5622","Import Value","1424","Ethylene dibromide (1,2-dibromoethane)","2011","2011","1000 US$","58.214","W","Data reported on country official publications or web sites (Official) or trade country files"
"RT","Pesticides Trade","102","Iran (Islamic Republic of)","5622","Import Value","1424","Ethylene dibromide (1,2-dibromoethane)","2017","2017","1000 US$","0.013","W","Data reported on country official publications or web sites (Official) or trade country files"
"RT","Pesticides Trade","102","Iran (Islamic Republic of)","5610","Import Quantity","1423","Ethylene dichloride","2010","2010","tonnes","44989.117","W","Data reported on country official publications or web sites (Official) or trade country files"
"RT","Pesticides Trade","102","Iran (Islamic Republic of)","5610","Import Quantity","1423","Ethylene dichloride","2011","2011","tonnes","62.7","W","Data reported on country official publications or web sites (Official) or trade country files"
"RT","Pesticides Trade","102","Iran (Islamic Republic of)","5610","Import Quantity","1423","Ethylene dichloride","2014","2014","tonnes","4999.939","W","Data reported on country official publications or web sites (Official) or trade country files"
"RT","Pesticides Trade","102","Iran (Islamic Republic of)","5610","Import Quantity","1423","Ethylene dichloride","2016","2016","tonnes","4971.13","W","Data reported on country official publications or web sites (Official) or trade country files"
"RT","Pesticides Trade","102","Iran (Islamic Republic of)","5622","Import Value","1423","Ethylene dichloride","2010","2010","1000 US$","23736.695","W","Data reported on country official publications or web sites (Official) or trade country files"
"RT","Pesticides Trade","102","Iran (Islamic Republic of)","5622","Import Value","1423","Ethylene dichloride","2011","2011","1000 US$","139.771","W","Data reported on country official publications or web sites (Official) or trade country files"
"RT","Pesticides Trade","102","Iran (Islamic Republic of)","5622","Import Value","1423","Ethylene dichloride","2014","2014","1000 US$","2344.138","W","Data reported on country official publications or web sites (Official) or trade country files"
"RT","Pesticides Trade","102","Iran (Islamic Republic of)","5622","Import Value","1423","Ethylene dichloride","2016","2016","1000 US$","1491.933","W","Data reported on country official publications or web sites (Official) or trade country files"
"RT","Pesticides Trade","102","Iran (Islamic Republic of)","5910","Export Quantity","1423","Ethylene dichloride","2010","2010","tonnes","7399.958","W","Data reported on country official publications or web sites (Official) or trade country files"
"RT","Pesticides Trade","102","Iran (Islamic Republic of)","5910","Export Quantity","1423","Ethylene dichloride","2011","2011","tonnes","31735.833","W","Data reported on country official publications or web sites (Official) or trade country files"
"RT","Pesticides Trade","102","Iran (Islamic Republic of)","5910","Export Quantity","1423","Ethylene dichloride","2013","2013","tonnes","8197.029","W","Data reported on country official publications or web sites (Official) or trade country files"
"RT","Pesticides Trade","102","Iran (Islamic Republic of)","5910","Export Quantity","1423","Ethylene dichloride","2014","2014","tonnes","19450.101","W","Data reported on country official publications or web sites (Official) or trade country files"
"RT","Pesticides Trade","102","Iran (Islamic Republic of)","5910","Export Quantity","1423","Ethylene dichloride","2016","2016","tonnes","7775.01","W","Data reported on country official publications or web sites (Official) or trade country files"
"RT","Pesticides Trade","102","Iran (Islamic Republic of)","5910","Export Quantity","1423","Ethylene dichloride","2017","2017","tonnes","1741.52","W","Data reported on country official publications or web sites (Official) or trade country files"
"RT","Pesticides Trade","102","Iran (Islamic Republic of)","5922","Export Value","1423","Ethylene dichloride","2010","2010","1000 US$","3239.963","W","Data reported on country official publications or web sites (Official) or trade country files"
"RT","Pesticides Trade","102","Iran (Islamic Republic of)","5922","Export Value","1423","Ethylene dichloride","2011","2011","1000 US$","11427.573","W","Data reported on country official publications or web sites (Official) or trade country files"
"RT","Pesticides Trade","102","Iran (Islamic Republic of)","5922","Export Value","1423","Ethylene dichloride","2013","2013","1000 US$","2574.735","W","Data reported on country official publications or web sites (Official) or trade country files"
"RT","Pesticides Trade","102","Iran (Islamic Republic of)","5922","Export Value","1423","Ethylene dichloride","2014","2014","1000 US$","5936.114","W","Data reported on country official publications or web sites (Official) or trade country files"
"RT","Pesticides Trade","102","Iran (Islamic Republic of)","5922","Export Value","1423","Ethylene dichloride","2016","2016","1000 US$","1441.489","W","Data reported on country official publications or web sites (Official) or trade country files"
"RT","Pesticides Trade","102","Iran (Islamic Republic of)","5922","Export Value","1423","Ethylene dichloride","2017","2017","1000 US$","139.165","W","Data reported on country official publications or web sites (Official) or trade country files"
"RT","Pesticides Trade","102","Iran (Islamic Republic of)","5610","Import Quantity","1439","Fluoroacetamide, monocrotophos & phosphamidon","2013","2013","tonnes","6.65","W","Data reported on country official publications or web sites (Official) or trade country files"
"RT","Pesticides Trade","102","Iran (Islamic Republic of)","5610","Import Quantity","1439","Fluoroacetamide, monocrotophos & phosphamidon","2016","2016","tonnes","0.2","W","Data reported on country official publications or web sites (Official) or trade country files"
"RT","Pesticides Trade","102","Iran (Islamic Republic of)","5610","Import Quantity","1439","Fluoroacetamide, monocrotophos & phosphamidon","2017","2017","tonnes","13.661","W","Data reported on country official publications or web sites (Official) or trade country files"
"RT","Pesticides Trade","102","Iran (Islamic Republic of)","5622","Import Value","1439","Fluoroacetamide, monocrotophos & phosphamidon","2013","2013","1000 US$","70.528","W","Data reported on country official publications or web sites (Official) or trade country files"
"RT","Pesticides Trade","102","Iran (Islamic Republic of)","5622","Import Value","1439","Fluoroacetamide, monocrotophos & phosphamidon","2016","2016","1000 US$","11.188","W","Data reported on country official publications or web sites (Official) or trade country files"
"RT","Pesticides Trade","102","Iran (Islamic Republic of)","5622","Import Value","1439","Fluoroacetamide, monocrotophos & phosphamidon","2017","2017","1000 US$","90.131","W","Data reported on country official publications or web sites (Official) or trade country files"
"RT","Pesticides Trade","102","Iran (Islamic Republic of)","5610","Import Quantity","1425","HCH (mixed isomers) / Lindane","2010","2010","tonnes","0.3","W","Data reported on country official publications or web sites (Official) or trade country files"
"RT","Pesticides Trade","102","Iran (Islamic Republic of)","5610","Import Quantity","1425","HCH (mixed isomers) / Lindane","2011","2011","tonnes","11.84","W","Data reported on country official publications or web sites (Official) or trade country files"
"RT","Pesticides Trade","102","Iran (Islamic Republic of)","5622","Import Value","1425","HCH (mixed isomers) / Lindane","2010","2010","1000 US$","23.051","W","Data reported on country official publications or web sites (Official) or trade country files"
"RT","Pesticides Trade","102","Iran (Islamic Republic of)","5622","Import Value","1425","HCH (mixed isomers) / Lindane","2011","2011","1000 US$","21.014","W","Data reported on country official publications or web sites (Official) or trade country files"
"RT","Pesticides Trade","102","Iran (Islamic Republic of)","5610","Import Quantity","1422","Mercury compounds etc. excl. amalgams","2014","2014","tonnes","10","W","Data reported on country official publications or web sites (Official) or trade country files"
"RT","Pesticides Trade","102","Iran (Islamic Republic of)","5622","Import Value","1422","Mercury compounds etc. excl. amalgams","2014","2014","1000 US$","15.733","W","Data reported on country official publications or web sites (Official) or trade country files"
"RT","Pesticides Trade","102","Iran (Islamic Republic of)","5910","Export Quantity","1422","Mercury compounds etc. excl. amalgams","2013","2013","tonnes","0.467","W","Data reported on country official publications or web sites (Official) or trade country files"
"RT","Pesticides Trade","102","Iran (Islamic Republic of)","5922","Export Value","1422","Mercury compounds etc. excl. amalgams","2013","2013","1000 US$","0.437","W","Data reported on country official publications or web sites (Official) or trade country files"
"RT","Pesticides Trade","102","Iran (Islamic Republic of)","5610","Import Quantity","1432","Oxirane (ethylene oxide)","2010","2010","tonnes","22.118","W","Data reported on country official publications or web sites (Official) or trade country files"
"RT","Pesticides Trade","102","Iran (Islamic Republic of)","5610","Import Quantity","1432","Oxirane (ethylene oxide)","2011","2011","tonnes","1.655","W","Data reported on country official publications or web sites (Official) or trade country files"
"RT","Pesticides Trade","102","Iran (Islamic Republic of)","5610","Import Quantity","1432","Oxirane (ethylene oxide)","2013","2013","tonnes","2.947","W","Data reported on country official publications or web sites (Official) or trade country files"
"RT","Pesticides Trade","102","Iran (Islamic Republic of)","5610","Import Quantity","1432","Oxirane (ethylene oxide)","2014","2014","tonnes","3.605","W","Data reported on country official publications or web sites (Official) or trade country files"
"RT","Pesticides Trade","102","Iran (Islamic Republic of)","5610","Import Quantity","1432","Oxirane (ethylene oxide)","2017","2017","tonnes","3.05","W","Data reported on country official publications or web sites (Official) or trade country files"
"RT","Pesticides Trade","102","Iran (Islamic Republic of)","5622","Import Value","1432","Oxirane (ethylene oxide)","2010","2010","1000 US$","53.464","W","Data reported on country official publications or web sites (Official) or trade country files"
"RT","Pesticides Trade","102","Iran (Islamic Republic of)","5622","Import Value","1432","Oxirane (ethylene oxide)","2011","2011","1000 US$","59.756","W","Data reported on country official publications or web sites (Official) or trade country files"
"RT","Pesticides Trade","102","Iran (Islamic Republic of)","5622","Import Value","1432","Oxirane (ethylene oxide)","2013","2013","1000 US$","134.07","W","Data reported on country official publications or web sites (Official) or trade country files"
"RT","Pesticides Trade","102","Iran (Islamic Republic of)","5622","Import Value","1432","Oxirane (ethylene oxide)","2014","2014","1000 US$","183.764","W","Data reported on country official publications or web sites (Official) or trade country files"
"RT","Pesticides Trade","102","Iran (Islamic Republic of)","5622","Import Value","1432","Oxirane (ethylene oxide)","2017","2017","1000 US$","110.1","W","Data reported on country official publications or web sites (Official) or trade country files"
"RT","Pesticides Trade","102","Iran (Islamic Republic of)","5910","Export Quantity","1432","Oxirane (ethylene oxide)","2013","2013","tonnes","0.27","W","Data reported on country official publications or web sites (Official) or trade country files"
"RT","Pesticides Trade","102","Iran (Islamic Republic of)","5922","Export Value","1432","Oxirane (ethylene oxide)","2013","2013","1000 US$","0.84","W","Data reported on country official publications or web sites (Official) or trade country files"
"RT","Pesticides Trade","102","Iran (Islamic Republic of)","5610","Import Quantity","1438","Parathion & parathion-methyl","2011","2011","tonnes","17.6","W","Data reported on country official publications or web sites (Official) or trade country files"
"RT","Pesticides Trade","102","Iran (Islamic Republic of)","5610","Import Quantity","1438","Parathion & parathion-methyl","2017","2017","tonnes","0.011","W","Data reported on country official publications or web sites (Official) or trade country files"
"RT","Pesticides Trade","102","Iran (Islamic Republic of)","5622","Import Value","1438","Parathion & parathion-methyl","2011","2011","1000 US$","18.706","W","Data reported on country official publications or web sites (Official) or trade country files"
"RT","Pesticides Trade","102","Iran (Islamic Republic of)","5622","Import Value","1438","Parathion & parathion-methyl","2017","2017","1000 US$","0.092","W","Data reported on country official publications or web sites (Official) or trade country files"
"RT","Pesticides Trade","102","Iran (Islamic Republic of)","5610","Import Quantity","1428","Pentachlorophenol","2011","2011","tonnes","0.001","W","Data reported on country official publications or web sites (Official) or trade country files"
"RT","Pesticides Trade","102","Iran (Islamic Republic of)","5622","Import Value","1428","Pentachlorophenol","2011","2011","1000 US$","0.066","W","Data reported on country official publications or web sites (Official) or trade country files"
"RT","Pesticides Trade","102","Iran (Islamic Republic of)","5610","Import Quantity","1429","Salts of Pentachlorophenol","2011","2011","tonnes","63.7","W","Data reported on country official publications or web sites (Official) or trade country files"
"RT","Pesticides Trade","102","Iran (Islamic Republic of)","5610","Import Quantity","1429","Salts of Pentachlorophenol","2013","2013","tonnes","1.625","W","Data reported on country official publications or web sites (Official) or trade country files"
"RT","Pesticides Trade","102","Iran (Islamic Republic of)","5610","Import Quantity","1429","Salts of Pentachlorophenol","2014","2014","tonnes","1.045","W","Data reported on country official publications or web sites (Official) or trade country files"
"RT","Pesticides Trade","102","Iran (Islamic Republic of)","5610","Import Quantity","1429","Salts of Pentachlorophenol","2016","2016","tonnes","1.4","W","Data reported on country official publications or web sites (Official) or trade country files"
"RT","Pesticides Trade","102","Iran (Islamic Republic of)","5610","Import Quantity","1429","Salts of Pentachlorophenol","2017","2017","tonnes","1.626","W","Data reported on country official publications or web sites (Official) or trade country files"
"RT","Pesticides Trade","102","Iran (Islamic Republic of)","5622","Import Value","1429","Salts of Pentachlorophenol","2011","2011","1000 US$","120.29","W","Data reported on country official publications or web sites (Official) or trade country files"
"RT","Pesticides Trade","102","Iran (Islamic Republic of)","5622","Import Value","1429","Salts of Pentachlorophenol","2013","2013","1000 US$","61.777","W","Data reported on country official publications or web sites (Official) or trade country files"
"RT","Pesticides Trade","102","Iran (Islamic Republic of)","5622","Import Value","1429","Salts of Pentachlorophenol","2014","2014","1000 US$","33.604","W","Data reported on country official publications or web sites (Official) or trade country files"
"RT","Pesticides Trade","102","Iran (Islamic Republic of)","5622","Import Value","1429","Salts of Pentachlorophenol","2016","2016","1000 US$","44.878","W","Data reported on country official publications or web sites (Official) or trade country files"
"RT","Pesticides Trade","102","Iran (Islamic Republic of)","5622","Import Value","1429","Salts of Pentachlorophenol","2017","2017","1000 US$","32.681","W","Data reported on country official publications or web sites (Official) or trade country files"
"RT","Pesticides Trade","102","Iran (Islamic Republic of)","5910","Export Quantity","1429","Salts of Pentachlorophenol","2011","2011","tonnes","0.6","W","Data reported on country official publications or web sites (Official) or trade country files"
"RT","Pesticides Trade","102","Iran (Islamic Republic of)","5922","Export Value","1429","Salts of Pentachlorophenol","2011","2011","1000 US$","0.432","W","Data reported on country official publications or web sites (Official) or trade country files"
"RT","Pesticides Trade","102","Iran (Islamic Republic of)","5610","Import Quantity","1447","Tributyltin compounds","2016","2016","tonnes","1.1","W","Data reported on country official publications or web sites (Official) or trade country files"
"RT","Pesticides Trade","102","Iran (Islamic Republic of)","5610","Import Quantity","1447","Tributyltin compounds","2017","2017","tonnes","0.8","W","Data reported on country official publications or web sites (Official) or trade country files"
"RT","Pesticides Trade","102","Iran (Islamic Republic of)","5622","Import Value","1447","Tributyltin compounds","2016","2016","1000 US$","10.993","W","Data reported on country official publications or web sites (Official) or trade country files"
"RT","Pesticides Trade","102","Iran (Islamic Republic of)","5622","Import Value","1447","Tributyltin compounds","2017","2017","1000 US$","15.376","W","Data reported on country official publications or web sites (Official) or trade country files"
